"ID","Class"
6284,H
6285,E
6286,R
6287,D
6288,A
6289,e
6290,O
6291,R
6292,B
6293,H
6294,N
6295,T
6296,A
6297,H
6298,a
6299,E
6300,A
6301,R
6302,A
6303,S
6304,e
6305,d
6306,A
6307,a
6308,R
6309,S
6310,A
6311,D
6312,n
6313,r
6314,A
6315,W
6316,e
6317,S
6318,A
6319,A
6320,L
6321,T
6322,o
6323,I
6324,W
6325,I
6326,S
6327,N
6328,R
6329,1
6330,O
6331,A
6332,i
6333,v
6334,e
6335,E
6336,i
6337,I
6338,N
6339,E
6340,O
6341,E
6342,O
6343,R
6344,O
6345,M
6346,E
6347,O
6348,o
6349,E
6350,C
6351,p
6352,A
6353,I
6354,O
6355,A
6356,D
6357,O
6358,r
6359,N
6360,a
6361,N
6362,E
6363,E
6364,A
6365,M
6366,P
6367,P
6368,R
6369,I
6370,y
6371,A
6372,N
6373,R
6374,E
6375,E
6376,L
6377,A
6378,e
6379,S
6380,T
6381,M
6382,O
6383,E
6384,A
6385,R
6386,A
6387,A
6388,n
6389,O
6390,A
6391,A
6392,T
6393,E
6394,A
6395,P
6396,L
6397,T
6398,S
6399,A
6400,L
6401,S
6402,T
6403,E
6404,A
6405,R
6406,O
6407,M
6408,I
6409,R
6410,N
6411,C
6412,2
6413,O
6414,R
6415,A
6416,N
6417,D
6418,P
6419,M
6420,A
6421,h
6422,O
6423,M
6424,S
6425,A
6426,S
6427,A
6428,n
6429,O
6430,M
6431,2
6432,O
6433,S
6434,S
6435,0
6436,I
6437,T
6438,P
6439,o
6440,E
6441,R
6442,M
6443,m
6444,s
6445,I
6446,E
6447,T
6448,N
6449,A
6450,I
6451,L
6452,A
6453,I
6454,R
6455,E
6456,R
6457,B
6458,I
6459,T
6460,H
6461,N
6462,A
6463,E
6464,M
6465,C
6466,R
6467,C
6468,A
6469,A
6470,u
6471,H
6472,A
6473,A
6474,E
6475,N
6476,A
6477,A
6478,A
6479,A
6480,H
6481,T
6482,e
6483,T
6484,A
6485,H
6486,2
6487,A
6488,A
6489,M
6490,o
6491,O
6492,R
6493,A
6494,V
6495,k
6496,E
6497,S
6498,P
6499,U
6500,M
6501,e
6502,h
6503,O
6504,A
6505,E
6506,0
6507,I
6508,I
6509,E
6510,N
6511,c
6512,E
6513,I
6514,M
6515,A
6516,N
6517,S
6518,N
6519,R
6520,O
6521,e
6522,R
6523,E
6524,S
6525,L
6526,E
6527,A
6528,O
6529,n
6530,r
6531,A
6532,H
6533,s
6534,a
6535,o
6536,A
6537,R
6538,r
6539,A
6540,e
6541,O
6542,N
6543,E
6544,O
6545,h
6546,N
6547,T
6548,N
6549,I
6550,A
6551,A
6552,R
6553,e
6554,e
6555,I
6556,w
6557,O
6558,i
6559,I
6560,o
6561,N
6562,O
6563,A
6564,G
6565,E
6566,r
6567,T
6568,R
6569,S
6570,E
6571,O
6572,O
6573,N
6574,S
6575,O
6576,N
6577,e
6578,0
6579,A
6580,A
6581,A
6582,R
6583,A
6584,T
6585,T
6586,1
6587,M
6588,D
6589,R
6590,A
6591,E
6592,I
6593,O
6594,e
6595,P
6596,a
6597,o
6598,I
6599,A
6600,I
6601,D
6602,P
6603,E
6604,D
6605,S
6606,L
6607,E
6608,i
6609,T
6610,N
6611,C
6612,A
6613,A
6614,O
6615,C
6616,U
6617,E
6618,N
6619,e
6620,R
6621,R
6622,C
6623,O
6624,R
6625,n
6626,G
6627,P
6628,O
6629,R
6630,K
6631,O
6632,T
6633,A
6634,e
6635,R
6636,L
6637,r
6638,T
6639,E
6640,C
6641,T
6642,P
6643,R
6644,S
6645,e
6646,i
6647,C
6648,b
6649,O
6650,P
6651,E
6652,I
6653,O
6654,N
6655,r
6656,A
6657,P
6658,N
6659,U
6660,C
6661,E
6662,L
6663,G
6664,Z
6665,A
6666,R
6667,0
6668,A
6669,l
6670,I
6671,A
6672,a
6673,D
6674,R
6675,E
6676,A
6677,A
6678,P
6679,I
6680,L
6681,T
6682,E
6683,L
6684,A
6685,o
6686,N
6687,I
6688,n
6689,L
6690,A
6691,S
6692,T
6693,A
6694,M
6695,V
6696,P
6697,E
6698,P
6699,A
6700,H
6701,0
6702,R
6703,I
6704,O
6705,P
6706,N
6707,E
6708,I
6709,E
6710,t
6711,O
6712,b
6713,T
6714,E
6715,E
6716,A
6717,S
6718,A
6719,R
6720,v
6721,S
6722,A
6723,M
6724,n
6725,M
6726,T
6727,N
6728,E
6729,E
6730,S
6731,R
6732,T
6733,C
6734,E
6735,l
6736,C
6737,D
6738,B
6739,n
6740,E
6741,A
6742,T
6743,E
6744,A
6745,A
6746,R
6747,N
6748,a
6749,R
6750,I
6751,t
6752,t
6753,n
6754,E
6755,u
6756,S
6757,E
6758,R
6759,A
6760,T
6761,E
6762,e
6763,B
6764,D
6765,S
6766,I
6767,U
6768,O
6769,O
6770,E
6771,C
6772,I
6773,R
6774,V
6775,T
6776,A
6777,I
6778,O
6779,0
6780,C
6781,H
6782,U
6783,A
6784,U
6785,C
6786,t
6787,T
6788,A
6789,B
6790,0
6791,i
6792,N
6793,O
6794,M
6795,T
6796,n
6797,A
6798,U
6799,O
6800,A
6801,I
6802,A
6803,A
6804,A
6805,A
6806,I
6807,P
6808,C
6809,M
6810,D
6811,N
6812,E
6813,E
6814,Y
6815,D
6816,A
6817,A
6818,t
6819,O
6820,A
6821,T
6822,S
6823,N
6824,L
6825,R
6826,S
6827,N
6828,N
6829,F
6830,R
6831,a
6832,C
6833,E
6834,S
6835,C
6836,A
6837,A
6838,a
6839,I
6840,I
6841,I
6842,a
6843,E
6844,C
6845,H
6846,I
6847,O
6848,B
6849,T
6850,h
6851,O
6852,I
6853,E
6854,E
6855,O
6856,n
6857,I
6858,S
6859,N
6860,M
6861,N
6862,E
6863,T
6864,A
6865,1
6866,y
6867,A
6868,Y
6869,A
6870,r
6871,L
6872,T
6873,O
6874,S
6875,R
6876,I
6877,A
6878,L
6879,I
6880,a
6881,U
6882,O
6883,T
6884,L
6885,L
6886,I
6887,A
6888,A
6889,E
6890,n
6891,S
6892,I
6893,T
6894,R
6895,T
6896,1
6897,R
6898,r
6899,A
6900,A
6901,I
6902,G
6903,A
6904,S
6905,E
6906,l
6907,R
6908,B
6909,A
6910,L
6911,I
6912,R
6913,D
6914,I
6915,O
6916,1
6917,e
6918,e
6919,T
6920,R
6921,T
6922,M
6923,n
6924,A
6925,S
6926,P
6927,N
6928,E
6929,D
6930,R
6931,E
6932,O
6933,A
6934,C
6935,L
6936,n
6937,R
6938,E
6939,A
6940,D
6941,I
6942,R
6943,r
6944,D
6945,E
6946,N
6947,I
6948,T
6949,I
6950,L
6951,2
6952,a
6953,D
6954,n
6955,I
6956,O
6957,A
6958,E
6959,0
6960,E
6961,E
6962,C
6963,I
6964,O
6965,A
6966,R
6967,N
6968,E
6969,t
6970,I
6971,i
6972,S
6973,L
6974,T
6975,t
6976,e
6977,R
6978,A
6979,I
6980,l
6981,O
6982,M
6983,A
6984,E
6985,D
6986,U
6987,F
6988,A
6989,P
6990,N
6991,S
6992,e
6993,T
6994,S
6995,N
6996,t
6997,a
6998,A
6999,L
7000,A
7001,A
7002,I
7003,W
7004,R
7005,R
7006,P
7007,E
7008,E
7009,I
7010,S
7011,P
7012,O
7013,R
7014,O
7015,I
7016,E
7017,A
7018,L
7019,i
7020,A
7021,M
7022,N
7023,n
7024,C
7025,w
7026,e
7027,H
7028,O
7029,1
7030,C
7031,R
7032,A
7033,e
7034,O
7035,A
7036,A
7037,E
7038,D
7039,T
7040,A
7041,A
7042,0
7043,T
7044,E
7045,E
7046,O
7047,O
7048,a
7049,I
7050,I
7051,O
7052,I
7053,h
7054,R
7055,E
7056,2
7057,R
7058,T
7059,i
7060,O
7061,R
7062,T
7063,S
7064,N
7065,O
7066,S
7067,G
7068,I
7069,O
7070,F
7071,a
7072,7
7073,A
7074,I
7075,R
7076,E
7077,O
7078,P
7079,C
7080,E
7081,A
7082,A
7083,N
7084,A
7085,e
7086,E
7087,h
7088,I
7089,U
7090,L
7091,R
7092,L
7093,R
7094,e
7095,e
7096,A
7097,O
7098,E
7099,E
7100,T
7101,R
7102,D
7103,L
7104,T
7105,O
7106,I
7107,L
7108,O
7109,A
7110,I
7111,A
7112,Y
7113,e
7114,e
7115,T
7116,N
7117,L
7118,A
7119,S
7120,E
7121,R
7122,A
7123,a
7124,E
7125,S
7126,R
7127,e
7128,A
7129,E
7130,A
7131,O
7132,S
7133,W
7134,N
7135,C
7136,r
7137,H
7138,E
7139,E
7140,I
7141,T
7142,A
7143,N
7144,A
7145,T
7146,i
7147,e
7148,W
7149,o
7150,M
7151,I
7152,E
7153,N
7154,O
7155,A
7156,A
7157,A
7158,O
7159,A
7160,E
7161,P
7162,a
7163,R
7164,i
7165,A
7166,L
7167,K
7168,E
7169,I
7170,R
7171,O
7172,R
7173,L
7174,I
7175,E
7176,l
7177,R
7178,A
7179,P
7180,b
7181,A
7182,H
7183,M
7184,I
7185,7
7186,A
7187,R
7188,T
7189,M
7190,H
7191,R
7192,A
7193,i
7194,S
7195,O
7196,O
7197,H
7198,R
7199,o
7200,N
7201,I
7202,e
7203,O
7204,O
7205,O
7206,o
7207,A
7208,N
7209,R
7210,T
7211,P
7212,I
7213,N
7214,A
7215,o
7216,o
7217,I
7218,T
7219,T
7220,E
7221,A
7222,E
7223,R
7224,W
7225,C
7226,S
7227,e
7228,A
7229,O
7230,r
7231,R
7232,S
7233,R
7234,D
7235,O
7236,O
7237,A
7238,O
7239,E
7240,R
7241,L
7242,t
7243,C
7244,d
7245,N
7246,A
7247,O
7248,a
7249,O
7250,U
7251,O
7252,E
7253,0
7254,a
7255,A
7256,S
7257,H
7258,A
7259,M
7260,I
7261,E
7262,O
7263,N
7264,A
7265,A
7266,C
7267,S
7268,O
7269,e
7270,E
7271,A
7272,G
7273,R
7274,S
7275,S
7276,t
7277,E
7278,N
7279,L
7280,i
7281,O
7282,I
7283,T
7284,l
7285,N
7286,R
7287,P
7288,I
7289,A
7290,A
7291,E
7292,R
7293,E
7294,A
7295,O
7296,A
7297,R
7298,R
7299,A
7300,O
7301,i
7302,E
7303,O
7304,I
7305,L
7306,6
7307,O
7308,T
7309,A
7310,A
7311,E
7312,r
7313,A
7314,A
7315,b
7316,R
7317,S
7318,O
7319,e
7320,C
7321,V
7322,T
7323,O
7324,A
7325,A
7326,O
7327,S
7328,A
7329,I
7330,R
7331,R
7332,T
7333,A
7334,A
7335,R
7336,A
7337,A
7338,R
7339,T
7340,i
7341,I
7342,E
7343,E
7344,L
7345,R
7346,A
7347,O
7348,P
7349,E
7350,A
7351,e
7352,H
7353,D
7354,c
7355,T
7356,B
7357,D
7358,r
7359,e
7360,I
7361,L
7362,S
7363,A
7364,X
7365,C
7366,T
7367,d
7368,S
7369,E
7370,A
7371,I
7372,O
7373,T
7374,b
7375,E
7376,S
7377,R
7378,I
7379,A
7380,E
7381,R
7382,S
7383,S
7384,O
7385,E
7386,0
7387,a
7388,n
7389,I
7390,E
7391,I
7392,T
7393,M
7394,S
7395,N
7396,b
7397,L
7398,O
7399,O
7400,I
7401,R
7402,R
7403,N
7404,A
7405,e
7406,R
7407,E
7408,E
7409,O
7410,S
7411,N
7412,A
7413,r
7414,3
7415,A
7416,I
7417,T
7418,A
7419,O
7420,E
7421,I
7422,C
7423,D
7424,7
7425,R
7426,H
7427,L
7428,H
7429,d
7430,A
7431,I
7432,T
7433,A
7434,e
7435,e
7436,R
7437,A
7438,E
7439,S
7440,n
7441,3
7442,A
7443,O
7444,E
7445,S
7446,P
7447,X
7448,C
7449,O
7450,E
7451,L
7452,D
7453,a
7454,s
7455,M
7456,R
7457,C
7458,D
7459,A
7460,S
7461,N
7462,E
7463,L
7464,I
7465,l
7466,e
7467,O
7468,A
7469,3
7470,R
7471,d
7472,N
7473,I
7474,P
7475,A
7476,R
7477,R
7478,s
7479,E
7480,N
7481,C
7482,a
7483,a
7484,L
7485,A
7486,I
7487,L
7488,S
7489,E
7490,P
7491,A
7492,N
7493,E
7494,I
7495,I
7496,L
7497,C
7498,S
7499,E
7500,e
7501,O
7502,P
7503,H
7504,O
7505,Y
7506,O
7507,R
7508,O
7509,a
7510,I
7511,O
7512,R
7513,S
7514,A
7515,S
7516,A
7517,L
7518,E
7519,H
7520,E
7521,R
7522,E
7523,A
7524,I
7525,N
7526,I
7527,R
7528,F
7529,T
7530,a
7531,e
7532,O
7533,A
7534,R
7535,A
7536,3
7537,M
7538,I
7539,R
7540,l
7541,T
7542,h
7543,A
7544,L
7545,O
7546,A
7547,e
7548,E
7549,e
7550,A
7551,A
7552,t
7553,D
7554,a
7555,S
7556,4
7557,N
7558,E
7559,S
7560,M
7561,C
7562,E
7563,E
7564,T
7565,A
7566,P
7567,9
7568,R
7569,A
7570,N
7571,S
7572,r
7573,m
7574,N
7575,e
7576,R
7577,I
7578,O
7579,H
7580,N
7581,R
7582,D
7583,c
7584,A
7585,n
7586,i
7587,L
7588,P
7589,w
7590,S
7591,P
7592,E
7593,T
7594,M
7595,C
7596,O
7597,R
7598,T
7599,E
7600,E
7601,I
7602,L
7603,M
7604,A
7605,N
7606,I
7607,a
7608,S
7609,E
7610,L
7611,V
7612,E
7613,D
7614,I
7615,n
7616,A
7617,F
7618,i
7619,G
7620,Y
7621,M
7622,T
7623,E
7624,A
7625,0
7626,M
7627,O
7628,O
7629,R
7630,n
7631,o
7632,I
7633,A
7634,R
7635,E
7636,K
7637,P
7638,0
7639,e
7640,U
7641,E
7642,e
7643,I
7644,D
7645,C
7646,t
7647,P
7648,A
7649,O
7650,T
7651,R
7652,I
7653,A
7654,D
7655,a
7656,l
7657,E
7658,A
7659,r
7660,A
7661,A
7662,R
7663,R
7664,V
7665,L
7666,E
7667,F
7668,R
7669,I
7670,N
7671,S
7672,O
7673,I
7674,A
7675,l
7676,R
7677,O
7678,O
7679,I
7680,I
7681,A
7682,a
7683,S
7684,S
7685,n
7686,E
7687,I
7688,E
7689,O
7690,O
7691,D
7692,M
7693,C
7694,r
7695,U
7696,H
7697,U
7698,P
7699,D
7700,G
7701,e
7702,N
7703,P
7704,F
7705,R
7706,I
7707,m
7708,I
7709,R
7710,O
7711,N
7712,P
7713,e
7714,A
7715,G
7716,E
7717,M
7718,D
7719,T
7720,T
7721,S
7722,S
7723,P
7724,S
7725,S
7726,I
7727,A
7728,N
7729,a
7730,E
7731,A
7732,N
7733,E
7734,D
7735,N
7736,D
7737,S
7738,R
7739,a
7740,o
7741,O
7742,A
7743,R
7744,E
7745,R
7746,R
7747,C
7748,N
7749,N
7750,T
7751,E
7752,C
7753,T
7754,E
7755,R
7756,H
7757,D
7758,a
7759,A
7760,R
7761,i
7762,S
7763,S
7764,R
7765,I
7766,R
7767,S
7768,R
7769,A
7770,N
7771,l
7772,R
7773,A
7774,R
7775,S
7776,A
7777,n
7778,E
7779,o
7780,A
7781,A
7782,r
7783,A
7784,I
7785,3
7786,C
7787,V
7788,S
7789,O
7790,P
7791,A
7792,S
7793,t
7794,N
7795,A
7796,E
7797,N
7798,R
7799,O
7800,S
7801,a
7802,I
7803,R
7804,A
7805,I
7806,I
7807,D
7808,o
7809,U
7810,K
7811,O
7812,S
7813,E
7814,T
7815,a
7816,I
7817,E
7818,n
7819,D
7820,I
7821,F
7822,e
7823,r
7824,e
7825,A
7826,A
7827,r
7828,e
7829,P
7830,E
7831,R
7832,O
7833,S
7834,O
7835,R
7836,A
7837,R
7838,S
7839,S
7840,Y
7841,E
7842,R
7843,r
7844,N
7845,e
7846,I
7847,E
7848,S
7849,N
7850,r
7851,R
7852,A
7853,M
7854,P
7855,i
7856,T
7857,O
7858,O
7859,S
7860,E
7861,A
7862,e
7863,O
7864,R
7865,t
7866,N
7867,A
7868,E
7869,S
7870,O
7871,E
7872,G
7873,L
7874,A
7875,E
7876,E
7877,R
7878,R
7879,N
7880,e
7881,I
7882,I
7883,C
7884,a
7885,S
7886,n
7887,D
7888,N
7889,U
7890,E
7891,n
7892,E
7893,O
7894,s
7895,N
7896,I
7897,E
7898,E
7899,E
7900,e
7901,e
7902,E
7903,S
7904,N
7905,T
7906,O
7907,Y
7908,A
7909,I
7910,A
7911,K
7912,E
7913,o
7914,C
7915,C
7916,R
7917,E
7918,A
7919,L
7920,v
7921,I
7922,A
7923,H
7924,e
7925,R
7926,R
7927,V
7928,B
7929,i
7930,D
7931,a
7932,E
7933,R
7934,P
7935,E
7936,a
7937,P
7938,A
7939,I
7940,T
7941,r
7942,H
7943,O
7944,I
7945,C
7946,A
7947,E
7948,R
7949,O
7950,T
7951,E
7952,A
7953,A
7954,I
7955,R
7956,I
7957,I
7958,T
7959,F
7960,e
7961,E
7962,N
7963,R
7964,T
7965,O
7966,I
7967,E
7968,S
7969,R
7970,S
7971,R
7972,A
7973,N
7974,i
7975,R
7976,A
7977,R
7978,e
7979,T
7980,E
7981,T
7982,A
7983,A
7984,i
7985,L
7986,t
7987,N
7988,e
7989,O
7990,I
7991,S
7992,a
7993,E
7994,C
7995,0
7996,O
7997,R
7998,A
7999,D
8000,N
8001,O
8002,S
8003,C
8004,e
8005,T
8006,T
8007,I
8008,T
8009,A
8010,O
8011,S
8012,G
8013,R
8014,T
8015,E
8016,L
8017,o
8018,r
8019,A
8020,T
8021,A
8022,L
8023,O
8024,H
8025,T
8026,O
8027,R
8028,D
8029,A
8030,n
8031,N
8032,O
8033,E
8034,i
8035,S
8036,M
8037,E
8038,T
8039,A
8040,O
8041,o
8042,I
8043,O
8044,D
8045,N
8046,M
8047,A
8048,S
8049,n
8050,C
8051,A
8052,A
8053,n
8054,H
8055,I
8056,N
8057,I
8058,I
8059,A
8060,A
8061,S
8062,R
8063,S
8064,R
8065,A
8066,O
8067,s
8068,I
8069,N
8070,N
8071,R
8072,I
8073,A
8074,N
8075,S
8076,o
8077,T
8078,R
8079,M
8080,e
8081,F
8082,S
8083,e
8084,N
8085,H
8086,t
8087,m
8088,T
8089,C
8090,R
8091,S
8092,T
8093,6
8094,E
8095,o
8096,r
8097,T
8098,D
8099,A
8100,S
8101,i
8102,I
8103,E
8104,I
8105,A
8106,I
8107,C
8108,E
8109,T
8110,A
8111,E
8112,i
8113,E
8114,R
8115,D
8116,L
8117,A
8118,N
8119,L
8120,A
8121,R
8122,S
8123,n
8124,I
8125,N
8126,D
8127,E
8128,1
8129,R
8130,L
8131,A
8132,a
8133,N
8134,B
8135,R
8136,C
8137,R
8138,I
8139,E
8140,O
8141,I
8142,D
8143,o
8144,T
8145,E
8146,N
8147,N
8148,O
8149,E
8150,C
8151,E
8152,R
8153,E
8154,e
8155,O
8156,t
8157,N
8158,I
8159,e
8160,T
8161,H
8162,S
8163,N
8164,S
8165,E
8166,R
8167,S
8168,S
8169,G
8170,O
8171,E
8172,I
8173,A
8174,S
8175,R
8176,T
8177,A
8178,N
8179,A
8180,T
8181,I
8182,O
8183,O
8184,E
8185,e
8186,E
8187,L
8188,A
8189,R
8190,e
8191,S
8192,i
8193,S
8194,R
8195,M
8196,E
8197,A
8198,S
8199,D
8200,A
8201,A
8202,T
8203,I
8204,e
8205,A
8206,N
8207,C
8208,e
8209,L
8210,E
8211,S
8212,H
8213,A
8214,T
8215,A
8216,N
8217,C
8218,S
8219,a
8220,K
8221,I
8222,A
8223,M
8224,I
8225,A
8226,N
8227,A
8228,E
8229,N
8230,s
8231,R
8232,T
8233,N
8234,L
8235,A
8236,I
8237,S
8238,A
8239,a
8240,O
8241,O
8242,D
8243,I
8244,3
8245,G
8246,I
8247,A
8248,A
8249,T
8250,A
8251,C
8252,M
8253,o
8254,O
8255,s
8256,Y
8257,E
8258,I
8259,N
8260,S
8261,R
8262,O
8263,T
8264,S
8265,E
8266,S
8267,A
8268,N
8269,O
8270,N
8271,E
8272,E
8273,t
8274,O
8275,C
8276,R
8277,R
8278,A
8279,L
8280,L
8281,O
8282,R
8283,A
8284,A
8285,L
8286,S
8287,T
8288,E
8289,A
8290,E
8291,i
8292,R
8293,O
8294,O
8295,T
8296,e
8297,N
8298,H
8299,L
8300,E
8301,O
8302,I
8303,O
8304,N
8305,o
8306,N
8307,I
8308,I
8309,N
8310,C
8311,T
8312,O
8313,E
8314,7
8315,A
8316,d
8317,L
8318,E
8319,P
8320,R
8321,w
8322,r
8323,E
8324,E
8325,R
8326,T
8327,i
8328,E
8329,T
8330,A
8331,A
8332,I
8333,R
8334,U
8335,O
8336,O
8337,A
8338,O
8339,E
8340,A
8341,E
8342,N
8343,A
8344,C
8345,N
8346,E
8347,M
8348,O
8349,e
8350,I
8351,R
8352,O
8353,T
8354,R
8355,T
8356,I
8357,S
8358,0
8359,I
8360,I
8361,I
8362,P
8363,a
8364,O
8365,D
8366,M
8367,O
8368,R
8369,S
8370,E
8371,A
8372,i
8373,O
8374,N
8375,P
8376,L
8377,R
8378,a
8379,N
8380,N
8381,n
8382,E
8383,K
8384,S
8385,a
8386,S
8387,T
8388,E
8389,6
8390,R
8391,T
8392,D
8393,e
8394,N
8395,S
8396,P
8397,S
8398,B
8399,I
8400,A
8401,r
8402,e
8403,T
8404,E
8405,S
8406,N
8407,S
8408,E
8409,E
8410,S
8411,E
8412,S
8413,N
8414,T
8415,D
8416,I
8417,E
8418,1
8419,G
8420,k
8421,N
8422,M
8423,N
8424,N
8425,O
8426,A
8427,E
8428,E
8429,O
8430,O
8431,T
8432,A
8433,H
8434,D
8435,O
8436,A
8437,N
8438,O
8439,A
8440,O
8441,A
8442,R
8443,E
8444,S
8445,t
8446,S
8447,R
8448,I
8449,I
8450,O
8451,a
8452,D
8453,R
8454,T
8455,1
8456,S
8457,R
8458,C
8459,r
8460,E
8461,S
8462,O
8463,E
8464,L
8465,I
8466,O
8467,R
8468,L
8469,F
8470,L
8471,r
8472,C
8473,E
8474,R
8475,G
8476,S
8477,E
8478,T
8479,O
8480,B
8481,D
8482,P
8483,R
8484,C
8485,I
8486,E
8487,f
8488,S
8489,e
8490,A
8491,E
8492,O
8493,R
8494,E
8495,L
8496,S
8497,n
8498,I
8499,K
8500,C
8501,R
8502,I
8503,e
8504,y
8505,E
8506,T
8507,r
8508,N
8509,I
8510,y
8511,I
8512,N
8513,G
8514,E
8515,O
8516,E
8517,I
8518,g
8519,J
8520,S
8521,e
8522,T
8523,R
8524,L
8525,R
8526,A
8527,r
8528,D
8529,I
8530,r
8531,P
8532,R
8533,E
8534,A
8535,O
8536,R
8537,R
8538,A
8539,I
8540,E
8541,R
8542,o
8543,I
8544,M
8545,E
8546,Y
8547,L
8548,O
8549,L
8550,G
8551,S
8552,O
8553,O
8554,S
8555,E
8556,S
8557,O
8558,R
8559,2
8560,I
8561,E
8562,D
8563,S
8564,A
8565,A
8566,l
8567,I
8568,E
8569,I
8570,I
8571,E
8572,S
8573,S
8574,O
8575,A
8576,O
8577,R
8578,A
8579,R
8580,I
8581,R
8582,e
8583,O
8584,H
8585,T
8586,t
8587,a
8588,I
8589,R
8590,5
8591,O
8592,R
8593,I
8594,E
8595,r
8596,M
8597,I
8598,s
8599,i
8600,N
8601,L
8602,P
8603,3
8604,T
8605,E
8606,A
8607,O
8608,E
8609,M
8610,A
8611,C
8612,A
8613,A
8614,K
8615,S
8616,N
8617,R
8618,H
8619,a
8620,O
8621,R
8622,E
8623,I
8624,A
8625,E
8626,n
8627,E
8628,m
8629,A
8630,A
8631,E
8632,O
8633,S
8634,N
8635,A
8636,I
8637,C
8638,T
8639,E
8640,V
8641,S
8642,A
8643,N
8644,M
8645,O
8646,O
8647,e
8648,D
8649,T
8650,R
8651,B
8652,A
8653,E
8654,D
8655,S
8656,N
8657,I
8658,B
8659,N
8660,S
8661,O
8662,l
8663,I
8664,S
8665,A
8666,R
8667,E
8668,D
8669,n
8670,s
8671,N
8672,R
8673,A
8674,O
8675,X
8676,d
8677,e
8678,T
8679,P
8680,r
8681,I
8682,A
8683,E
8684,O
8685,C
8686,R
8687,P
8688,A
8689,S
8690,A
8691,S
8692,T
8693,O
8694,I
8695,N
8696,I
8697,O
8698,E
8699,R
8700,D
8701,E
8702,P
8703,T
8704,T
8705,7
8706,P
8707,T
8708,t
8709,S
8710,V
8711,E
8712,E
8713,A
8714,N
8715,I
8716,S
8717,E
8718,N
8719,R
8720,O
8721,R
8722,A
8723,W
8724,i
8725,i
8726,N
8727,G
8728,M
8729,S
8730,R
8731,O
8732,A
8733,D
8734,R
8735,P
8736,A
8737,A
8738,A
8739,L
8740,N
8741,I
8742,P
8743,r
8744,V
8745,I
8746,P
8747,S
8748,O
8749,D
8750,E
8751,E
8752,P
8753,E
8754,a
8755,R
8756,T
8757,I
8758,R
8759,P
8760,R
8761,O
8762,A
8763,N
8764,D
8765,e
8766,D
8767,o
8768,L
8769,E
8770,E
8771,e
8772,H
8773,S
8774,e
8775,O
8776,A
8777,A
8778,R
8779,O
8780,O
8781,E
8782,e
8783,T
8784,C
8785,A
8786,L
8787,A
8788,C
8789,O
8790,R
8791,C
8792,O
8793,N
8794,O
8795,e
8796,O
8797,T
8798,N
8799,R
8800,o
8801,2
8802,T
8803,T
8804,a
8805,A
8806,S
8807,I
8808,O
8809,U
8810,E
8811,R
8812,R
8813,O
8814,A
8815,3
8816,A
8817,O
8818,R
8819,e
8820,L
8821,w
8822,A
8823,E
8824,T
8825,C
8826,L
8827,A
8828,I
8829,E
8830,R
8831,I
8832,O
8833,I
8834,S
8835,N
8836,c
8837,P
8838,i
8839,O
8840,e
8841,N
8842,E
8843,N
8844,N
8845,P
8846,E
8847,e
8848,1
8849,A
8850,S
8851,e
8852,O
8853,R
8854,O
8855,S
8856,A
8857,A
8858,R
8859,R
8860,O
8861,D
8862,U
8863,P
8864,R
8865,e
8866,N
8867,O
8868,L
8869,A
8870,E
8871,D
8872,E
8873,A
8874,L
8875,E
8876,F
8877,D
8878,G
8879,i
8880,T
8881,H
8882,G
8883,e
8884,A
8885,D
8886,Y
8887,S
8888,P
8889,N
8890,E
8891,R
8892,O
8893,A
8894,n
8895,A
8896,A
8897,T
8898,r
8899,A
8900,e
8901,e
8902,C
8903,R
8904,O
8905,D
8906,O
8907,P
8908,O
8909,I
8910,I
8911,O
8912,a
8913,E
8914,T
8915,R
8916,E
8917,e
8918,A
8919,Y
8920,O
8921,C
8922,N
8923,1
8924,i
8925,S
8926,D
8927,V
8928,L
8929,2
8930,R
8931,M
8932,A
8933,L
8934,r
8935,R
8936,E
8937,e
8938,O
8939,N
8940,D
8941,B
8942,S
8943,S
8944,N
8945,I
8946,R
8947,t
8948,I
8949,H
8950,r
8951,D
8952,E
8953,r
8954,e
8955,I
8956,E
8957,N
8958,r
8959,C
8960,P
8961,I
8962,N
8963,a
8964,T
8965,B
8966,T
8967,S
8968,E
8969,E
8970,R
8971,T
8972,H
8973,A
8974,I
8975,A
8976,E
8977,G
8978,T
8979,n
8980,O
8981,3
8982,W
8983,e
8984,S
8985,E
8986,A
8987,E
8988,N
8989,S
8990,R
8991,A
8992,2
8993,i
8994,R
8995,o
8996,n
8997,M
8998,A
8999,A
9000,E
9001,N
9002,A
9003,O
9004,M
9005,A
9006,H
9007,O
9008,A
9009,D
9010,A
9011,O
9012,P
9013,o
9014,n
9015,t
9016,R
9017,l
9018,E
9019,P
9020,T
9021,T
9022,R
9023,A
9024,H
9025,A
9026,N
9027,A
9028,R
9029,r
9030,o
9031,A
9032,R
9033,I
9034,E
9035,S
9036,N
9037,R
9038,E
9039,N
9040,N
9041,e
9042,E
9043,L
9044,I
9045,U
9046,I
9047,N
9048,E
9049,I
9050,e
9051,R
9052,E
9053,i
9054,A
9055,A
9056,a
9057,O
9058,A
9059,S
9060,S
9061,I
9062,O
9063,E
9064,a
9065,G
9066,A
9067,T
9068,L
9069,O
9070,E
9071,T
9072,N
9073,O
9074,R
9075,I
9076,a
9077,V
9078,C
9079,A
9080,L
9081,u
9082,A
9083,E
9084,a
9085,S
9086,N
9087,D
9088,T
9089,R
9090,A
9091,A
9092,T
9093,E
9094,E
9095,E
9096,O
9097,A
9098,A
9099,E
9100,e
9101,E
9102,i
9103,M
9104,e
9105,R
9106,K
9107,A
9108,P
9109,E
9110,I
9111,I
9112,M
9113,h
9114,C
9115,I
9116,N
9117,E
9118,M
9119,E
9120,I
9121,T
9122,t
9123,E
9124,R
9125,D
9126,2
9127,R
9128,a
9129,T
9130,D
9131,a
9132,I
9133,A
9134,e
9135,m
9136,T
9137,R
9138,E
9139,O
9140,E
9141,G
9142,E
9143,U
9144,S
9145,O
9146,O
9147,T
9148,R
9149,I
9150,T
9151,A
9152,D
9153,A
9154,O
9155,A
9156,T
9157,D
9158,l
9159,C
9160,7
9161,R
9162,S
9163,R
9164,A
9165,R
9166,E
9167,e
9168,I
9169,o
9170,r
9171,A
9172,T
9173,M
9174,e
9175,E
9176,A
9177,I
9178,I
9179,D
9180,e
9181,T
9182,M
9183,H
9184,M
9185,a
9186,N
9187,E
9188,N
9189,a
9190,I
9191,I
9192,N
9193,E
9194,R
9195,d
9196,O
9197,E
9198,N
9199,R
9200,O
9201,e
9202,E
9203,N
9204,P
9205,S
9206,T
9207,O
9208,I
9209,T
9210,A
9211,N
9212,V
9213,A
9214,P
9215,S
9216,e
9217,0
9218,2
9219,T
9220,R
9221,S
9222,E
9223,N
9224,E
9225,T
9226,r
9227,L
9228,S
9229,D
9230,S
9231,r
9232,t
9233,N
9234,E
9235,E
9236,R
9237,A
9238,L
9239,A
9240,A
9241,A
9242,R
9243,O
9244,A
9245,S
9246,A
9247,A
9248,E
9249,A
9250,a
9251,R
9252,I
9253,I
9254,M
9255,O
9256,E
9257,E
9258,A
9259,R
9260,L
9261,N
9262,T
9263,G
9264,T
9265,A
9266,e
9267,I
9268,O
9269,i
9270,E
9271,R
9272,e
9273,T
9274,N
9275,N
9276,S
9277,L
9278,E
9279,A
9280,C
9281,A
9282,E
9283,D
9284,i
9285,e
9286,n
9287,A
9288,A
9289,A
9290,O
9291,S
9292,S
9293,A
9294,V
9295,E
9296,h
9297,C
9298,E
9299,T
9300,T
9301,A
9302,R
9303,R
9304,A
9305,n
9306,A
9307,n
9308,3
9309,b
9310,i
9311,I
9312,E
9313,E
9314,S
9315,E
9316,A
9317,E
9318,A
9319,E
9320,A
9321,R
9322,N
9323,E
9324,S
9325,S
9326,H
9327,s
9328,O
9329,U
9330,O
9331,e
9332,L
9333,N
9334,M
9335,R
9336,I
9337,F
9338,I
9339,r
9340,N
9341,O
9342,R
9343,H
9344,E
9345,A
9346,A
9347,O
9348,S
9349,E
9350,T
9351,I
9352,O
9353,E
9354,A
9355,O
9356,A
9357,H
9358,o
9359,A
9360,R
9361,A
9362,O
9363,I
9364,E
9365,R
9366,a
9367,A
9368,T
9369,e
9370,a
9371,H
9372,O
9373,L
9374,D
9375,I
9376,C
9377,E
9378,S
9379,N
9380,L
9381,E
9382,S
9383,a
9384,N
9385,O
9386,2
9387,B
9388,W
9389,L
9390,m
9391,E
9392,A
9393,E
9394,r
9395,L
9396,C
9397,A
9398,E
9399,2
9400,N
9401,P
9402,e
9403,S
9404,e
9405,O
9406,O
9407,O
9408,S
9409,L
9410,A
9411,A
9412,E
9413,A
9414,A
9415,N
9416,A
9417,a
9418,O
9419,E
9420,S
9421,E
9422,S
9423,h
9424,D
9425,N
9426,E
9427,A
9428,S
9429,E
9430,T
9431,r
9432,R
9433,R
9434,R
9435,E
9436,T
9437,e
9438,o
9439,A
9440,E
9441,R
9442,S
9443,R
9444,L
9445,I
9446,N
9447,M
9448,R
9449,E
9450,A
9451,e
9452,A
9453,R
9454,S
9455,N
9456,O
9457,E
9458,O
9459,O
9460,A
9461,I
9462,N
9463,I
9464,E
9465,A
9466,A
9467,E
9468,A
9469,E
9470,I
9471,P
9472,a
9473,e
9474,I
9475,S
9476,O
9477,P
9478,A
9479,e
9480,P
9481,A
9482,I
9483,P
9484,l
9485,A
9486,H
9487,N
9488,S
9489,B
9490,O
9491,h
9492,E
9493,N
9494,Y
9495,S
9496,S
9497,E
9498,T
9499,R
9500,R
9501,N
9502,C
9503,C
9504,C
9505,A
9506,7
9507,P
9508,A
9509,X
9510,O
9511,S
9512,A
9513,D
9514,A
9515,3
9516,N
9517,G
9518,N
9519,E
9520,T
9521,O
9522,E
9523,t
9524,A
9525,S
9526,J
9527,N
9528,R
9529,I
9530,P
9531,L
9532,R
9533,I
9534,I
9535,F
9536,N
9537,I
9538,T
9539,A
9540,T
9541,I
9542,T
9543,O
9544,a
9545,C
9546,E
9547,D
9548,D
9549,A
9550,E
9551,R
9552,a
9553,T
9554,R
9555,S
9556,E
9557,O
9558,S
9559,e
9560,3
9561,E
9562,A
9563,R
9564,A
9565,A
9566,A
9567,T
9568,S
9569,A
9570,V
9571,e
9572,C
9573,I
9574,R
9575,I
9576,r
9577,I
9578,S
9579,N
9580,I
9581,T
9582,3
9583,A
9584,R
9585,A
9586,L
9587,O
9588,O
9589,0
9590,e
9591,H
9592,h
9593,A
9594,O
9595,e
9596,E
9597,T
9598,I
9599,N
9600,N
9601,r
9602,E
9603,e
9604,L
9605,2
9606,1
9607,A
9608,C
9609,M
9610,h
9611,T
9612,R
9613,A
9614,L
9615,A
9616,R
9617,D
9618,B
9619,S
9620,O
9621,A
9622,O
9623,O
9624,A
9625,I
9626,T
9627,I
9628,C
9629,A
9630,N
9631,A
9632,O
9633,e
9634,C
9635,A
9636,R
9637,N
9638,A
9639,E
9640,e
9641,T
9642,I
9643,U
9644,O
9645,O
9646,O
9647,E
9648,A
9649,n
9650,A
9651,T
9652,e
9653,I
9654,p
9655,E
9656,A
9657,E
9658,A
9659,B
9660,C
9661,T
9662,r
9663,e
9664,A
9665,T
9666,i
9667,A
9668,T
9669,D
9670,M
9671,a
9672,H
9673,D
9674,O
9675,t
9676,E
9677,I
9678,d
9679,T
9680,A
9681,S
9682,R
9683,P
9684,O
9685,R
9686,E
9687,R
9688,A
9689,o
9690,t
9691,L
9692,e
9693,O
9694,1
9695,O
9696,M
9697,y
9698,N
9699,1
9700,I
9701,T
9702,A
9703,r
9704,O
9705,I
9706,E
9707,T
9708,r
9709,A
9710,C
9711,I
9712,O
9713,I
9714,S
9715,R
9716,e
9717,I
9718,E
9719,N
9720,P
9721,E
9722,D
9723,N
9724,A
9725,T
9726,T
9727,O
9728,A
9729,e
9730,C
9731,E
9732,0
9733,E
9734,a
9735,R
9736,A
9737,O
9738,E
9739,7
9740,h
9741,R
9742,R
9743,n
9744,e
9745,A
9746,E
9747,r
9748,S
9749,T
9750,A
9751,R
9752,e
9753,A
9754,N
9755,N
9756,E
9757,I
9758,A
9759,I
9760,R
9761,I
9762,e
9763,R
9764,R
9765,T
9766,R
9767,I
9768,N
9769,I
9770,I
9771,r
9772,l
9773,t
9774,e
9775,H
9776,E
9777,R
9778,7
9779,t
9780,T
9781,D
9782,A
9783,O
9784,I
9785,L
9786,R
9787,a
9788,Q
9789,I
9790,S
9791,N
9792,D
9793,I
9794,E
9795,N
9796,I
9797,r
9798,S
9799,I
9800,E
9801,R
9802,S
9803,e
9804,E
9805,H
9806,A
9807,L
9808,C
9809,A
9810,R
9811,T
9812,R
9813,L
9814,T
9815,S
9816,r
9817,A
9818,A
9819,A
9820,M
9821,R
9822,N
9823,R
9824,0
9825,R
9826,A
9827,A
9828,S
9829,R
9830,T
9831,4
9832,T
9833,a
9834,U
9835,l
9836,O
9837,I
9838,O
9839,0
9840,R
9841,N
9842,R
9843,I
9844,T
9845,S
9846,I
9847,O
9848,R
9849,A
9850,C
9851,O
9852,E
9853,M
9854,E
9855,H
9856,D
9857,i
9858,A
9859,i
9860,I
9861,S
9862,E
9863,R
9864,n
9865,e
9866,R
9867,C
9868,S
9869,I
9870,I
9871,E
9872,R
9873,T
9874,R
9875,A
9876,T
9877,O
9878,N
9879,T
9880,E
9881,R
9882,A
9883,A
9884,S
9885,e
9886,7
9887,U
9888,O
9889,E
9890,S
9891,A
9892,O
9893,o
9894,R
9895,O
9896,i
9897,I
9898,0
9899,O
9900,A
9901,A
9902,P
9903,M
9904,e
9905,a
9906,T
9907,l
9908,N
9909,H
9910,A
9911,S
9912,S
9913,A
9914,E
9915,R
9916,N
9917,A
9918,A
9919,E
9920,T
9921,S
9922,R
9923,T
9924,n
9925,E
9926,E
9927,K
9928,R
9929,N
9930,e
9931,I
9932,S
9933,O
9934,E
9935,A
9936,A
9937,R
9938,C
9939,O
9940,I
9941,F
9942,I
9943,E
9944,E
9945,N
9946,t
9947,L
9948,E
9949,r
9950,V
9951,a
9952,M
9953,I
9954,I
9955,E
9956,T
9957,a
9958,T
9959,e
9960,r
9961,E
9962,t
9963,s
9964,E
9965,l
9966,A
9967,I
9968,T
9969,R
9970,U
9971,o
9972,N
9973,S
9974,r
9975,E
9976,N
9977,i
9978,T
9979,R
9980,T
9981,L
9982,S
9983,R
9984,S
9985,E
9986,A
9987,I
9988,R
9989,A
9990,I
9991,S
9992,T
9993,I
9994,M
9995,A
9996,U
9997,S
9998,1
9999,n
10000,T
10001,E
10002,T
10003,T
10004,o
10005,I
10006,R
10007,S
10008,P
10009,D
10010,A
10011,I
10012,e
10013,R
10014,L
10015,6
10016,s
10017,2
10018,I
10019,R
10020,K
10021,R
10022,S
10023,r
10024,A
10025,A
10026,O
10027,O
10028,C
10029,P
10030,C
10031,e
10032,E
10033,n
10034,A
10035,N
10036,A
10037,C
10038,C
10039,R
10040,T
10041,U
10042,D
10043,R
10044,I
10045,n
10046,R
10047,A
10048,N
10049,n
10050,R
10051,N
10052,N
10053,E
10054,A
10055,E
10056,O
10057,I
10058,T
10059,O
10060,L
10061,D
10062,a
10063,N
10064,E
10065,E
10066,I
10067,R
10068,A
10069,O
10070,R
10071,n
10072,E
10073,O
10074,S
10075,L
10076,A
10077,o
10078,p
10079,A
10080,n
10081,A
10082,E
10083,C
10084,o
10085,C
10086,N
10087,S
10088,N
10089,S
10090,T
10091,S
10092,S
10093,O
10094,A
10095,T
10096,D
10097,D
10098,A
10099,E
10100,D
10101,E
10102,o
10103,6
10104,N
10105,o
10106,E
10107,O
10108,A
10109,Y
10110,N
10111,a
10112,W
10113,I
10114,E
10115,e
10116,h
10117,A
10118,I
10119,A
10120,T
10121,P
10122,O
10123,e
10124,C
10125,N
10126,O
10127,S
10128,P
10129,0
10130,E
10131,L
10132,6
10133,E
10134,t
10135,A
10136,T
10137,M
10138,O
10139,A
10140,A
10141,L
10142,T
10143,E
10144,l
10145,I
10146,A
10147,E
10148,E
10149,r
10150,S
10151,M
10152,A
10153,S
10154,t
10155,A
10156,A
10157,N
10158,I
10159,I
10160,e
10161,D
10162,H
10163,D
10164,D
10165,M
10166,O
10167,O
10168,S
10169,E
10170,E
10171,R
10172,R
10173,R
10174,I
10175,L
10176,O
10177,T
10178,P
10179,T
10180,r
10181,O
10182,N
10183,A
10184,S
10185,E
10186,e
10187,O
10188,M
10189,T
10190,e
10191,L
10192,L
10193,e
10194,T
10195,R
10196,E
10197,T
10198,B
10199,r
10200,L
10201,S
10202,R
10203,N
10204,F
10205,T
10206,A
10207,L
10208,r
10209,T
10210,R
10211,L
10212,E
10213,C
10214,M
10215,H
10216,H
10217,C
10218,B
10219,R
10220,R
10221,O
10222,O
10223,S
10224,A
10225,O
10226,P
10227,R
10228,A
10229,M
10230,L
10231,r
10232,A
10233,L
10234,h
10235,S
10236,A
10237,T
10238,O
10239,A
10240,I
10241,E
10242,D
10243,V
10244,r
10245,5
10246,P
10247,E
10248,e
10249,A
10250,A
10251,A
10252,C
10253,M
10254,R
10255,L
10256,o
10257,I
10258,r
10259,T
10260,A
10261,A
10262,A
10263,E
10264,A
10265,e
10266,O
10267,S
10268,D
10269,O
10270,M
10271,N
10272,A
10273,P
10274,M
10275,r
10276,n
10277,R
10278,A
10279,A
10280,A
10281,O
10282,I
10283,A
10284,A
10285,N
10286,P
10287,S
10288,j
10289,D
10290,O
10291,E
10292,R
10293,E
10294,R
10295,T
10296,S
10297,D
10298,E
10299,A
10300,N
10301,L
10302,3
10303,T
10304,D
10305,5
10306,E
10307,V
10308,A
10309,a
10310,N
10311,N
10312,E
10313,O
10314,A
10315,R
10316,T
10317,N
10318,E
10319,C
10320,r
10321,T
10322,T
10323,r
10324,E
10325,E
10326,O
10327,1
10328,N
10329,D
10330,P
10331,V
10332,R
10333,I
10334,9
10335,T
10336,I
10337,R
10338,6
10339,l
10340,G
10341,T
10342,O
10343,A
10344,I
10345,O
10346,d
10347,R
10348,O
10349,s
10350,n
10351,a
10352,A
10353,O
10354,I
10355,S
10356,A
10357,S
10358,H
10359,C
10360,A
10361,P
10362,I
10363,I
10364,s
10365,R
10366,T
10367,E
10368,A
10369,T
10370,I
10371,n
10372,T
10373,O
10374,R
10375,E
10376,T
10377,e
10378,I
10379,N
10380,T
10381,A
10382,S
10383,T
10384,P
10385,I
10386,E
10387,S
10388,R
10389,S
10390,S
10391,S
10392,R
10393,S
10394,A
10395,N
10396,E
10397,I
10398,o
10399,z
10400,E
10401,O
10402,I
10403,R
10404,e
10405,T
10406,N
10407,N
10408,T
10409,H
10410,O
10411,A
10412,S
10413,T
10414,E
10415,T
10416,N
10417,t
10418,S
10419,O
10420,E
10421,I
10422,R
10423,D
10424,C
10425,M
10426,N
10427,H
10428,A
10429,E
10430,M
10431,O
10432,A
10433,I
10434,a
10435,Y
10436,T
10437,A
10438,N
10439,I
10440,E
10441,P
10442,T
10443,0
10444,L
10445,A
10446,I
10447,I
10448,E
10449,R
10450,A
10451,a
10452,R
10453,J
10454,A
10455,C
10456,E
10457,R
10458,E
10459,O
10460,S
10461,E
10462,1
10463,A
10464,A
10465,Y
10466,I
10467,O
10468,T
10469,o
10470,O
10471,B
10472,C
10473,I
10474,e
10475,O
10476,I
10477,S
10478,S
10479,I
10480,C
10481,D
10482,N
10483,A
10484,d
10485,T
10486,E
10487,R
10488,E
10489,E
10490,0
10491,A
10492,S
10493,O
10494,D
10495,i
10496,S
10497,E
10498,A
10499,T
10500,S
10501,O
10502,L
10503,O
10504,O
10505,M
10506,L
10507,M
10508,A
10509,e
10510,n
10511,R
10512,O
10513,R
10514,M
10515,N
10516,D
10517,i
10518,E
10519,A
10520,N
10521,N
10522,S
10523,N
10524,R
10525,T
10526,H
10527,o
10528,R
10529,i
10530,M
10531,O
10532,L
10533,E
10534,5
10535,0
10536,r
10537,A
10538,E
10539,R
10540,e
10541,e
10542,S
10543,I
10544,A
10545,e
10546,O
10547,S
10548,E
10549,A
10550,N
10551,L
10552,D
10553,L
10554,N
10555,I
10556,m
10557,R
10558,T
10559,L
10560,R
10561,I
10562,O
10563,V
10564,b
10565,E
10566,e
10567,V
10568,R
10569,A
10570,E
10571,O
10572,A
10573,P
10574,A
10575,S
10576,I
10577,N
10578,E
10579,R
10580,T
10581,O
10582,S
10583,A
10584,N
10585,A
10586,E
10587,O
10588,T
10589,n
10590,S
10591,I
10592,G
10593,N
10594,O
10595,A
10596,E
10597,P
10598,a
10599,a
10600,a
10601,S
10602,A
10603,M
10604,9
10605,r
10606,t
10607,S
10608,L
10609,E
10610,I
10611,E
10612,O
10613,O
10614,T
10615,a
10616,N
10617,a
10618,O
10619,O
10620,T
10621,r
10622,L
10623,S
10624,S
10625,E
10626,S
10627,C
10628,N
10629,N
10630,X
10631,O
10632,A
10633,I
10634,C
10635,y
10636,E
10637,N
10638,T
10639,S
10640,E
10641,a
10642,D
10643,I
10644,S
10645,R
10646,e
10647,S
10648,r
10649,O
10650,L
10651,N
10652,A
10653,i
10654,O
10655,C
10656,A
10657,D
10658,R
10659,r
10660,A
10661,S
10662,R
10663,A
10664,S
10665,W
10666,C
10667,H
10668,C
10669,A
10670,T
10671,L
10672,I
10673,M
10674,E
10675,s
10676,R
10677,O
10678,I
10679,R
10680,K
10681,a
10682,R
10683,D
10684,1
10685,N
10686,R
10687,a
10688,A
10689,P
10690,O
10691,O
10692,I
10693,L
10694,A
10695,1
10696,A
10697,E
10698,e
10699,A
10700,S
10701,I
10702,R
10703,B
10704,R
10705,T
10706,I
10707,N
10708,e
10709,S
10710,e
10711,A
10712,E
10713,1
10714,I
10715,R
10716,a
10717,E
10718,K
10719,O
10720,J
10721,o
10722,B
10723,T
10724,I
10725,T
10726,N
10727,I
10728,A
10729,L
10730,C
10731,T
10732,E
10733,e
10734,N
10735,C
10736,E
10737,D
10738,O
10739,O
10740,S
10741,E
10742,T
10743,A
10744,O
10745,T
10746,N
10747,T
10748,E
10749,C
10750,S
10751,A
10752,E
10753,l
10754,I
10755,R
10756,A
10757,A
10758,A
10759,A
10760,I
10761,s
10762,A
10763,E
10764,E
10765,C
10766,G
10767,N
10768,R
10769,I
10770,A
10771,I
10772,I
10773,A
10774,D
10775,N
10776,T
10777,I
10778,N
10779,N
10780,E
10781,N
10782,I
10783,R
10784,n
10785,A
10786,R
10787,H
10788,B
10789,D
10790,N
10791,e
10792,M
10793,L
10794,i
10795,I
10796,M
10797,e
10798,M
10799,E
10800,e
10801,o
10802,A
10803,E
10804,t
10805,N
10806,O
10807,S
10808,D
10809,I
10810,M
10811,M
10812,6
10813,E
10814,L
10815,A
10816,E
10817,R
10818,O
10819,I
10820,r
10821,R
10822,R
10823,R
10824,O
10825,A
10826,R
10827,L
10828,E
10829,R
10830,T
10831,O
10832,T
10833,S
10834,n
10835,O
10836,r
10837,N
10838,M
10839,C
10840,n
10841,H
10842,V
10843,T
10844,a
10845,A
10846,I
10847,M
10848,I
10849,E
10850,C
10851,E
10852,T
10853,A
10854,A
10855,S
10856,U
10857,O
10858,O
10859,N
10860,R
10861,A
10862,H
10863,T
10864,O
10865,A
10866,E
10867,R
10868,7
10869,A
10870,I
10871,I
10872,D
10873,C
10874,a
10875,E
10876,E
10877,1
10878,n
10879,n
10880,P
10881,N
10882,S
10883,N
10884,E
10885,5
10886,P
10887,R
10888,P
10889,R
10890,R
10891,T
10892,I
10893,S
10894,N
10895,S
10896,E
10897,C
10898,A
10899,C
10900,T
10901,R
10902,o
10903,T
10904,O
10905,O
10906,A
10907,A
10908,E
10909,E
10910,I
10911,I
10912,l
10913,O
10914,m
10915,T
10916,C
10917,M
10918,I
10919,e
10920,E
10921,A
10922,S
10923,A
10924,I
10925,E
10926,N
10927,L
10928,O
10929,E
10930,a
10931,O
10932,A
10933,R
10934,L
10935,H
10936,A
10937,S
10938,I
10939,I
10940,S
10941,O
10942,N
10943,N
10944,E
10945,O
10946,r
10947,r
10948,T
10949,P
10950,C
10951,E
10952,R
10953,T
10954,D
10955,T
10956,6
10957,A
10958,6
10959,e
10960,O
10961,A
10962,A
10963,d
10964,R
10965,T
10966,A
10967,O
10968,A
10969,N
10970,A
10971,A
10972,M
10973,U
10974,E
10975,N
10976,n
10977,A
10978,O
10979,R
10980,T
10981,A
10982,S
10983,C
10984,T
10985,e
10986,a
10987,H
10988,A
10989,2
10990,e
10991,T
10992,S
10993,E
10994,6
10995,O
10996,O
10997,R
10998,D
10999,E
11000,A
11001,A
11002,A
11003,C
11004,o
11005,R
11006,A
11007,O
11008,I
11009,O
11010,N
11011,T
11012,R
11013,A
11014,R
11015,N
11016,A
11017,N
11018,O
11019,A
11020,S
11021,E
11022,r
11023,T
11024,a
11025,T
11026,S
11027,M
11028,R
11029,O
11030,C
11031,a
11032,T
11033,S
11034,C
11035,E
11036,T
11037,C
11038,l
11039,r
11040,E
11041,a
11042,I
11043,e
11044,S
11045,m
11046,O
11047,E
11048,A
11049,S
11050,O
11051,C
11052,I
11053,O
11054,P
11055,t
11056,G
11057,E
11058,E
11059,A
11060,A
11061,M
11062,d
11063,R
11064,V
11065,O
11066,n
11067,O
11068,R
11069,R
11070,R
11071,o
11072,K
11073,I
11074,E
11075,N
11076,D
11077,E
11078,4
11079,O
11080,A
11081,L
11082,L
11083,N
11084,N
11085,n
11086,t
11087,A
11088,E
11089,a
11090,A
11091,T
11092,E
11093,N
11094,A
11095,r
11096,m
11097,O
11098,I
11099,I
11100,N
11101,n
11102,A
11103,O
11104,C
11105,N
11106,e
11107,L
11108,T
11109,e
11110,E
11111,d
11112,E
11113,R
11114,2
11115,N
11116,n
11117,G
11118,S
11119,D
11120,S
11121,R
11122,I
11123,A
11124,E
11125,I
11126,R
11127,E
11128,O
11129,D
11130,S
11131,R
11132,u
11133,T
11134,T
11135,N
11136,P
11137,c
11138,I
11139,A
11140,E
11141,A
11142,7
11143,G
11144,E
11145,n
11146,m
11147,F
11148,H
11149,O
11150,0
11151,N
11152,1
11153,P
11154,E
11155,A
11156,M
11157,E
11158,A
11159,R
11160,C
11161,R
11162,E
11163,E
11164,O
11165,S
11166,A
11167,E
11168,O
11169,A
11170,A
11171,N
11172,A
11173,E
11174,A
11175,e
11176,A
11177,A
11178,i
11179,A
11180,T
11181,v
11182,A
11183,S
11184,D
11185,r
11186,B
11187,o
11188,o
11189,A
11190,L
11191,C
11192,A
11193,O
11194,N
11195,I
11196,E
11197,A
11198,R
11199,v
11200,S
11201,A
11202,A
11203,T
11204,N
11205,I
11206,C
11207,T
11208,N
11209,A
11210,O
11211,N
11212,A
11213,S
11214,L
11215,R
11216,E
11217,N
11218,E
11219,R
11220,A
11221,O
11222,A
11223,A
11224,E
11225,O
11226,I
11227,R
11228,o
11229,D
11230,R
11231,z
11232,t
11233,1
11234,N
11235,E
11236,R
11237,O
11238,O
11239,O
11240,I
11241,L
11242,R
11243,O
11244,I
11245,O
11246,n
11247,M
11248,O
11249,n
11250,R
11251,O
11252,S
11253,R
11254,i
11255,O
11256,P
11257,N
11258,I
11259,E
11260,O
11261,N
11262,E
11263,Y
11264,P
11265,E
11266,R
11267,2
11268,e
11269,a
11270,A
11271,C
11272,E
11273,L
11274,E
11275,y
11276,G
11277,O
11278,R
11279,A
11280,M
11281,E
11282,A
11283,I
11284,S
11285,E
11286,T
11287,I
11288,M
11289,r
11290,I
11291,R
11292,B
11293,O
11294,R
11295,A
11296,A
11297,L
11298,O
11299,A
11300,R
11301,D
11302,N
11303,R
11304,N
11305,A
11306,T
11307,N
11308,r
11309,E
11310,I
11311,P
11312,B
11313,r
11314,S
11315,0
11316,i
11317,e
11318,o
11319,M
11320,E
11321,S
11322,R
11323,I
11324,E
11325,N
11326,5
11327,e
11328,H
11329,O
11330,T
11331,S
11332,A
11333,D
11334,T
11335,O
11336,U
11337,A
11338,I
11339,O
11340,D
11341,v
11342,e
11343,I
11344,H
11345,I
11346,E
11347,o
11348,S
11349,o
11350,S
11351,O
11352,T
11353,E
11354,A
11355,V
11356,C
11357,E
11358,C
11359,O
11360,N
11361,T
11362,T
11363,A
11364,C
11365,t
11366,a
11367,A
11368,S
11369,R
11370,I
11371,O
11372,L
11373,i
11374,h
11375,D
11376,N
11377,R
11378,C
11379,c
11380,C
11381,A
11382,s
11383,e
11384,R
11385,6
11386,I
11387,R
11388,R
11389,R
11390,A
11391,0
11392,D
11393,P
11394,A
11395,N
11396,R
11397,O
11398,R
11399,O
11400,N
11401,T
11402,l
11403,L
11404,A
11405,D
11406,o
11407,I
11408,N
11409,H
11410,R
11411,P
11412,I
11413,O
11414,C
11415,I
11416,S
11417,r
11418,e
11419,o
11420,h
11421,O
11422,A
11423,A
11424,e
11425,I
11426,E
11427,E
11428,N
11429,T
11430,E
11431,H
11432,L
11433,h
11434,O
11435,S
11436,E
11437,E
11438,A
11439,E
11440,O
11441,R
11442,A
11443,A
11444,E
11445,E
11446,S
11447,E
11448,N
11449,n
11450,E
11451,I
11452,I
11453,E
11454,S
11455,P
11456,Y
11457,i
11458,E
11459,e
11460,R
11461,S
11462,I
11463,R
11464,I
11465,L
11466,S
11467,S
11468,A
11469,I
11470,T
11471,s
11472,3
11473,I
11474,D
11475,N
11476,S
11477,M
11478,H
11479,C
11480,0
11481,O
11482,I
11483,I
11484,5
11485,E
11486,A
11487,N
11488,R
11489,N
11490,R
11491,r
11492,S
11493,D
11494,E
11495,A
11496,C
11497,r
11498,9
11499,2
11500,O
11501,A
11502,E
11503,S
11504,A
11505,e
11506,O
11507,O
11508,i
11509,O
11510,A
11511,r
11512,I
11513,O
11514,E
11515,D
11516,O
11517,C
11518,H
11519,C
11520,I
11521,e
11522,M
11523,L
11524,O
11525,O
11526,I
11527,I
11528,O
11529,n
11530,H
11531,A
11532,P
11533,e
11534,A
11535,C
11536,T
11537,n
11538,a
11539,i
11540,U
11541,R
11542,A
11543,R
11544,O
11545,C
11546,e
11547,e
11548,A
11549,O
11550,O
11551,E
11552,I
11553,I
11554,t
11555,I
11556,A
11557,C
11558,R
11559,n
11560,A
11561,J
11562,I
11563,i
11564,I
11565,E
11566,R
11567,A
11568,S
11569,d
11570,M
11571,A
11572,D
11573,a
11574,T
11575,A
11576,O
11577,R
11578,L
11579,S
11580,O
11581,L
11582,n
11583,n
11584,t
11585,I
11586,O
11587,R
11588,O
11589,L
11590,2
11591,E
11592,O
11593,T
11594,O
11595,I
11596,R
11597,E
11598,T
11599,N
11600,T
11601,R
11602,A
11603,O
11604,A
11605,A
11606,D
11607,O
11608,O
11609,S
11610,E
11611,R
11612,E
11613,R
11614,4
11615,r
11616,O
11617,v
11618,S
11619,A
11620,A
11621,C
11622,T
11623,E
11624,R
11625,T
11626,I
11627,O
11628,O
11629,K
11630,T
11631,T
11632,A
11633,S
11634,A
11635,P
11636,A
11637,T
11638,M
11639,S
11640,C
11641,I
11642,r
11643,R
11644,E
11645,T
11646,H
11647,r
11648,A
11649,A
11650,I
11651,T
11652,D
11653,R
11654,O
11655,A
11656,5
11657,O
11658,O
11659,R
11660,a
11661,A
11662,L
11663,E
11664,A
11665,O
11666,S
11667,E
11668,W
11669,C
11670,I
11671,G
11672,V
11673,S
11674,N
11675,L
11676,E
11677,A
11678,A
11679,o
11680,S
11681,O
11682,S
11683,S
11684,e
11685,T
11686,T
11687,t
11688,O
11689,n
11690,C
11691,A
11692,N
11693,A
11694,N
11695,A
11696,6
11697,E
11698,r
11699,M
11700,I
11701,E
11702,T
11703,I
11704,E
11705,A
11706,B
11707,L
11708,1
11709,A
11710,e
11711,C
11712,i
11713,V
11714,g
11715,M
11716,N
11717,I
11718,S
11719,T
11720,R
11721,R
11722,n
11723,A
11724,S
11725,O
11726,R
11727,E
11728,H
11729,e
11730,E
11731,A
11732,3
11733,S
11734,r
11735,C
11736,S
11737,N
11738,D
11739,A
11740,e
11741,E
11742,e
11743,R
11744,E
11745,A
11746,V
11747,e
11748,A
11749,A
11750,H
11751,a
11752,R
11753,R
11754,E
11755,S
11756,A
11757,t
11758,O
11759,I
11760,S
11761,N
11762,N
11763,M
11764,A
11765,e
11766,O
11767,R
11768,I
11769,O
11770,H
11771,N
11772,O
11773,N
11774,O
11775,E
11776,E
11777,N
11778,S
11779,S
11780,R
11781,S
11782,R
11783,N
11784,A
11785,I
11786,E
11787,R
11788,G
11789,R
11790,A
11791,E
11792,L
11793,V
11794,R
11795,L
11796,I
11797,i
11798,L
11799,E
11800,E
11801,N
11802,A
11803,I
11804,m
11805,I
11806,7
11807,T
11808,R
11809,K
11810,O
11811,T
11812,E
11813,O
11814,E
11815,I
11816,B
11817,S
11818,Y
11819,O
11820,R
11821,N
11822,i
11823,n
11824,A
11825,I
11826,t
11827,E
11828,E
11829,S
11830,I
11831,t
11832,I
11833,N
11834,D
11835,a
11836,n
11837,W
11838,E
11839,E
11840,E
11841,a
11842,I
11843,N
11844,E
11845,T
11846,A
11847,R
11848,E
11849,A
11850,A
11851,O
11852,O
11853,A
11854,D
11855,C
11856,I
11857,I
11858,4
11859,D
11860,G
11861,e
11862,e
11863,E
11864,F
11865,I
11866,P
11867,A
11868,T
11869,O
11870,A
11871,I
11872,O
11873,A
11874,C
11875,e
11876,S
11877,R
11878,E
11879,D
11880,N
11881,i
11882,E
11883,N
11884,T
11885,A
11886,S
11887,R
11888,T
11889,M
11890,I
11891,o
11892,T
11893,D
11894,e
11895,N
11896,S
11897,E
11898,O
11899,E
11900,C
11901,A
11902,H
11903,T
11904,1
11905,A
11906,H
11907,A
11908,S
11909,F
11910,L
11911,2
11912,R
11913,E
11914,A
11915,o
11916,S
11917,S
11918,e
11919,M
11920,e
11921,P
11922,M
11923,A
11924,e
11925,M
11926,R
11927,O
11928,L
11929,e
11930,A
11931,O
11932,E
11933,n
11934,S
11935,2
11936,O
11937,E
11938,T
11939,a
11940,E
11941,g
11942,N
11943,O
11944,E
11945,S
11946,A
11947,T
11948,H
11949,O
11950,O
11951,O
11952,A
11953,T
11954,E
11955,D
11956,h
11957,G
11958,N
11959,A
11960,e
11961,N
11962,E
11963,E
11964,A
11965,R
11966,I
11967,r
11968,S
11969,T
11970,T
11971,E
11972,F
11973,S
11974,T
11975,O
11976,I
11977,E
11978,R
11979,A
11980,L
11981,P
11982,A
11983,R
11984,N
11985,O
11986,t
11987,H
11988,D
11989,E
11990,O
11991,A
11992,E
11993,R
11994,A
11995,C
11996,N
11997,I
11998,A
11999,E
12000,T
12001,t
12002,I
12003,W
12004,R
12005,P
12006,A
12007,M
12008,A
12009,E
12010,S
12011,e
12012,s
12013,E
12014,7
12015,P
12016,A
12017,A
12018,M
12019,D
12020,T
12021,E
12022,A
12023,e
12024,S
12025,D
12026,S
12027,N
12028,E
12029,I
12030,e
12031,e
12032,I
12033,i
12034,o
12035,R
12036,o
12037,r
12038,I
12039,E
12040,D
12041,D
12042,E
12043,O
12044,C
12045,M
12046,S
12047,A
12048,R
12049,c
12050,D
12051,E
12052,I
12053,E
12054,S
12055,R
12056,A
12057,H
12058,O
12059,t
12060,I
12061,C
12062,I
12063,I
12064,M
12065,a
12066,e
12067,I
12068,H
12069,I
12070,E
12071,H
12072,C
12073,d
12074,A
12075,O
12076,E
12077,R
12078,T
12079,h
12080,a
12081,E
12082,a
12083,I
12084,S
12085,E
12086,R
12087,E
12088,R
12089,S
12090,k
12091,G
12092,A
12093,I
12094,T
12095,X
12096,L
12097,A
12098,e
12099,R
12100,I
12101,r
12102,e
12103,O
12104,L
12105,I
12106,T
12107,r
12108,E
12109,0
12110,A
12111,A
12112,I
12113,a
12114,A
12115,D
12116,K
12117,E
12118,a
12119,N
12120,I
12121,Y
12122,E
12123,T
12124,E
12125,T
12126,I
12127,O
12128,S
12129,Y
12130,A
12131,O
12132,R
12133,A
12134,E
12135,O
12136,I
12137,U
12138,O
12139,N
12140,N
12141,C
12142,L
12143,P
12144,A
12145,A
12146,S
12147,2
12148,e
12149,E
12150,E
12151,O
12152,E
12153,E
12154,C
12155,r
12156,A
12157,A
12158,E
12159,O
12160,r
12161,L
12162,N
12163,T
12164,E
12165,O
12166,R
12167,O
12168,P
12169,D
12170,S
12171,C
12172,A
12173,I
12174,T
12175,I
12176,S
12177,A
12178,E
12179,O
12180,A
12181,C
12182,E
12183,C
12184,C
12185,e
12186,A
12187,D
12188,l
12189,E
12190,N
12191,E
12192,E
12193,S
12194,E
12195,E
12196,I
12197,O
12198,O
12199,R
12200,R
12201,E
12202,A
12203,N
12204,T
12205,S
12206,A
12207,O
12208,Y
12209,S
12210,E
12211,i
12212,S
12213,N
12214,N
12215,E
12216,R
12217,S
12218,T
12219,A
12220,M
12221,t
12222,n
12223,N
12224,A
12225,r
12226,1
12227,D
12228,I
12229,S
12230,O
12231,2
12232,X
12233,r
12234,H
12235,E
12236,m
12237,T
12238,A
12239,T
12240,R
12241,R
12242,A
12243,I
12244,E
12245,H
12246,R
12247,M
12248,E
12249,R
12250,S
12251,a
12252,O
12253,n
12254,u
12255,E
12256,h
12257,9
12258,I
12259,e
12260,I
12261,O
12262,I
12263,D
12264,E
12265,R
12266,C
12267,R
12268,O
12269,o
12270,O
12271,O
12272,2
12273,T
12274,D
12275,R
12276,O
12277,R
12278,C
12279,E
12280,R
12281,E
12282,O
12283,E
12284,L
12285,T
12286,A
12287,E
12288,T
12289,E
12290,R
12291,S
12292,R
12293,A
12294,N
12295,S
12296,m
12297,R
12298,c
12299,C
12300,I
12301,N
12302,H
12303,O
12304,e
12305,M
12306,A
12307,O
12308,R
12309,r
12310,e
12311,A
12312,M
12313,D
12314,M
12315,E
12316,A
12317,D
12318,D
12319,o
12320,R
12321,C
12322,I
12323,A
12324,R
12325,A
12326,A
12327,r
12328,E
12329,I
12330,I
12331,O
12332,F
12333,F
12334,E
12335,O
12336,N
12337,O
12338,E
12339,7
12340,H
12341,R
12342,S
12343,T
12344,L
12345,T
12346,I
12347,O
12348,o
12349,A
12350,A
12351,S
12352,H
12353,E
12354,R
12355,n
12356,E
12357,e
12358,S
12359,A
12360,A
12361,O
12362,I
12363,Y
12364,2
12365,P
12366,K
12367,N
12368,E
12369,I
12370,A
12371,O
12372,E
12373,I
12374,N
12375,N
12376,O
12377,M
12378,C
12379,C
12380,N
12381,E
12382,O
12383,O
12384,R
12385,A
12386,C
12387,r
12388,N
12389,U
12390,e
12391,I
12392,L
12393,r
12394,N
12395,A
12396,C
12397,D
12398,E
12399,N
12400,A
12401,E
12402,L
12403,i
12404,D
12405,A
12406,R
12407,E
12408,T
12409,L
12410,N
12411,O
12412,N
12413,L
12414,t
12415,A
12416,I
12417,I
12418,O
12419,7
12420,H
12421,D
12422,I
12423,N
12424,R
12425,P
12426,A
12427,R
12428,E
12429,O
12430,r
12431,A
12432,L
12433,R
12434,i
12435,E
12436,A
12437,R
12438,R
12439,T
12440,R
12441,R
12442,T
12443,O
12444,O
12445,R
12446,S
12447,E
12448,D
12449,C
12450,A
12451,O
12452,A
12453,E
12454,A
12455,C
12456,A
12457,J
12458,X
12459,I
12460,A
12461,S
12462,i
12463,o
12464,y
12465,E
12466,I
12467,e
12468,e
12469,N
12470,e
12471,A
12472,O
12473,a
12474,E
12475,I
12476,O
12477,T
12478,n
12479,E
12480,O
12481,A
12482,A
12483,L
12484,n
12485,A
12486,P
12487,A
12488,2
12489,D
12490,N
12491,S
12492,R
12493,A
12494,E
12495,C
12496,E
12497,T
12498,I
12499,O
12500,O
12501,A
12502,A
12503,M
